Game_ID,Home_Team,Fifth_Player
1,IND,Troy Murphy
2,HOU,Chuck Hayes
3,SAS,Brent Barry
4,MIN,Craig Smith
5,MEM,Stromile Swift
6,MIL,Charlie Bell
7,MIA,Dwyane Wade
8,CLE,Anderson Varejao
9,GSW,Mickael Pietrus
10,DEN,Yakhouba Diawara
11,MEM,Damon Stoudamire
12,UTA,Carlos Boozer
13,UTA,Paul Millsap
14,POR,Ime Udoka
15,MIA,Michael Doleac
16,ORL,Dwight Howard
17,MIA,Antoine Walker
18,NYK,Quentin Richardson
19,NYK,Renaldo Balkman
20,DEN,Earl Boykins
21,DEN,Allen Iverson
22,LAL,Maurice Evans
23,NYK,Stephon Marbury
24,GSW,Mickael Pietrus
25,POR,Martell Webster
26,DET,Chris Webber
27,CLE,Anderson Varejao
28,WAS,Brendan Haywood
29,HOU,Luther Head
30,DET,Antonio McDyess
31,SAC,Ronnie Price
32,UTA,Matt Harpring
33,WAS,Antawn Jamison
34,MEM,Rudy Gay
35,CHI,Luol Deng
36,MIN,Ricky Davis
37,HOU,Juwan Howard
38,MIA,Antoine Walker
39,MIL,Charlie Bell
40,POR,LaMarcus Aldridge
41,CLE,Zydrunas Ilgauskas
42,CHI,P.J. Brown
43,LAL,Smush Parker
44,MIA,Udonis Haslem
45,ORL,Carlos Arroyo
46,UTA,Deron Williams
47,GSW,Baron Davis
48,DEN,Allen Iverson
49,LAL,Kobe Bryant
50,NYK,Stephon Marbury
51,NYK,Eddy Curry
52,MIL,Brian Skinner
53,TOR,Anthony Parker
54,MIL,Charlie Bell
55,GSW,Jason Richardson
56,NYK,Quentin Richardson
57,DEN,Linas Kleiza
58,BOS,Sebastian Telfair
59,DEN,Marcus Camby
60,SAC,Francisco Garcia
61,WAS,Gilbert Arenas
62,SAS,Manu Ginobili
63,PHO,Steve Nash
64,WAS,Caron Butler
65,CHI,Ben Wallace
66,DET,Antonio McDyess
67,MIL,David Noel
68,HOU,Jake Tsakalidis
69,PHO,Amar'e Stoudemire
70,LAC,Sam Cassell
71,LAC,Tim Thomas
72,UTA,Deron Williams
73,CHI,P.J. Brown
74,GSW,Stephen Jackson
75,LAL,Shammond Williams
76,DEN,Earl Boykins
77,NYK,Nate Robinson
78,NYK,Stephon Marbury
79,ATL,Marvin Williams
80,MIL,Charlie Villanueva
81,BOS,Rajon Rondo
82,ATL,Josh Smith
83,IND,Danny Granger
84,CHI,Ben Wallace
85,CLE,Eric Snow
86,BOS,Delonte West
87,NYK,David Lee
88,POR,Juan Dixon
89,MIA,Shaquille O'Neal
90,LAL,Jordan Farmar
91,CHI,Luol Deng
92,MIN,Ricky Davis
93,GSW,Andris Biedrins
94,PHI,Kyle Korver
95,CHI,P.J. Brown
96,GSW,Mickael Pietrus
97,CHI,Chris Duhon
98,MIN,Randy Foye
99,UTA,Matt Harpring
100,GSW,Stephen Jackson
101,CHI,Tyrus Thomas
102,LAL,Derek Fisher
103,MIL,Desmond Mason
104,DEN,Marcus Camby
105,PHO,Amar'e Stoudemire
106,POR,LaMarcus Aldridge
107,UTA,Andrei Kirilenko
108,DEN,Nene Hilario
109,CLE,Drew Gooden
110,TOR,Jorge Garbajosa
111,DET,Antonio McDyess
112,GSW,Monta Ellis
113,POR,Steve Blake
114,WAS,DeShawn Stevenson
115,PHI,Andre Miller
116,CHI,Luol Deng
117,NYK,Jamal Crawford
118,DAL,Jason Kidd
119,BOS,Ray Allen
120,DET,Lindsey Hunter
121,POR,LaMarcus Aldridge
122,NYK,Jared Jeffries
123,WAS,DeShawn Stevenson
124,MIA,Mark Blount
125,DEN,Eduardo Najera
126,SAC,Francisco Garcia
127,PHI,Willie Green
128,ATL,Josh Smith
129,POR,Martell Webster
130,CLE,Devin Brown
131,WAS,Oleksiy Pecherov
132,PHO,Grant Hill
133,PHO,Boris Diaw
134,UTA,Mehmet Okur
135,SAS,Tony Parker
136,MEM,Rudy Gay
137,MIA,Joel Anthony
138,CHI,Kirk Hinrich
139,TOR,Chris Bosh
140,SAC,Beno Udrih
141,MIN,Ryan Gomes
142,IND,Mike Dunleavy
143,HOU,Tracy McGrady
144,CLE,Anderson Varejao
145,MIA,Joel Anthony
146,MEM,Juan Carlos Navarro
147,PHO,Amar'e Stoudemire
148,MIA,Jason Williams
149,MIN,Rashad McCants
150,MIA,Daequan Cook
151,SAC,Francisco Garcia
152,GSW,Baron Davis
153,MIL,Michael Redd
154,SAS,Michael Finley
155,SAS,Bruce Bowen
156,GSW,Monta Ellis
157,MIN,Corey Brewer
158,DAL,Jason Terry
159,TOR,Anthony Parker
160,MIN,Rashad McCants
161,CLE,LeBron James
162,PHO,Steve Nash
163,MEM,Kyle Lowry
164,DET,Amir Johnson
165,TOR,Rasho Nesterovic
166,ORL,Keith Bogans
167,SAC,Francisco Garcia
168,GSW,Matt Barnes
169,SAS,Bruce Bowen
170,TOR,Jason Kapono
171,ORL,Carlos Arroyo
172,MEM,Rudy Gay
173,IND,Travis Diener
174,MIA,Jason Williams
175,DET,Antonio McDyess
176,POR,Steve Blake
177,ATL,Josh Smith
178,LAC,Richie Frahm
179,BOS,Eddie House
180,UTA,Jason Hart
181,SAS,Francisco Elson
182,LAL,Kobe Bryant
183,LAC,Chris Kaman
184,GSW,Monta Ellis
185,SAS,Fabricio Oberto
186,MIA,Kasib Powell
187,ATL,Mike Bibby
188,IND,Mike Dunleavy
189,POR,Steve Blake
190,DAL,Josh Howard
191,DET,Arron Afflalo
192,POR,Steve Blake
193,CHI,Andres Nocioni
194,DET,Jason Maxiell
195,HOU,Tracy McGrady
196,MIN,Randy Foye
197,UTA,Carlos Boozer
198,SAC,Mikki Moore
199,MIN,Michael Doleac
200,MEM,Pau Gasol
201,ATL,Acie Law
202,MEM,Greg Buckner
203,LAL,Didier Ilunga-Mbenga
204,TOR,Jason Kapono
205,DEN,Nene Hilario
206,UTA,Andrei Kirilenko
207,ORL,Rashard Lewis
208,DET,Allen Iverson
209,GSW,Corey Maggette
210,CHI,Tyrus Thomas
211,ATL,Maurice Evans
212,MIA,Chris Quinn
213,CLE,Zydrunas Ilgauskas
214,DAL,James Singleton
215,PHI,Royal Ivey
216,CHI,Joakim Noah
217,CHI,Andres Nocioni
218,TOR,Jamario Moon
219,LAL,Luke Walton
220,LAL,Didier Ilunga-Mbenga
221,WAS,Dominic McGuire
222,MIL,Luke Ridnour
223,POR,Travis Outlaw
224,DAL,Jason Kidd
225,DET,Richard Hamilton
226,IND,Danny Granger
227,CHI,Brad Miller
228,SAS,Matt Bonner
229,MIA,Joel Anthony
230,ATL,Josh Smith
231,ORL,Hedo Turkoglu
232,NYK,Chris Duhon
233,ORL,Keith Bogans
234,PHO,Raja Bell
235,DAL,Dirk Nowitzki
236,HOU,Von Wafer
237,MIN,Kevin Love
238,GSW,Jamal Crawford
239,CLE,Mo Williams
240,MIL,Michael Redd
241,BOS,Tony Allen
242,DEN,Dahntay Jones
243,DEN,Linas Kleiza
244,MEM,Quinton Ross
245,CHI,Drew Gooden
246,SAS,Roger Mason
247,MIA,Shawn Marion
248,DAL,Dirk Nowitzki
249,IND,Mike Dunleavy
250,MIA,Udonis Haslem
251,POR,Travis Outlaw
252,ATL,Ronald Murray
253,ORL,Hedo Turkoglu
254,GSW,Andris Biedrins
255,LAL,Jordan Farmar
256,DEN,Anthony Carter
257,MEM,Marc Gasol
258,MIN,Randy Foye
259,BOS,Ray Allen
260,IND,T.J. Ford
261,DET,Rasheed Wallace
262,LAC,Eric Gordon
263,DAL,Josh Howard
264,PHO,Shaquille O'Neal
265,MIN,Kevin Love
266,NYK,Chris Duhon
267,SAC,John Salmons
268,GSW,Ronny Turiaf
269,UTA,Ronnie Price
270,PHI,Elton Brand
271,DAL,Erick Dampier
272,MIN,Randy Foye
273,GSW,Anthony Morrow
274,MIL,Keith Bogans
275,ATL,Ronald Murray
276,WAS,Dominic McGuire
277,CHI,Thabo Sefolosha
278,UTA,Ronnie Brewer
279,ORL,Anthony Johnson
280,OKC,Russell Westbrook
281,OKC,Nick Collison
282,OKC,Nick Collison
283,UTA,Matt Harpring
284,LAC,Steve Novak
285,PHI,Thaddeus Young
286,SAS,Manu Ginobili
287,MIA,Dwyane Wade
288,CLE,Ben Wallace
289,TOR,Roko Ukic
290,PHO,Matt Barnes
291,SAC,Mikki Moore
292,ATL,Joe Johnson
293,ORL,Anthony Johnson
294,DEN,J.R. Smith
295,IND,Rasho Nesterovic
296,LAC,Ricky Davis
297,ORL,Hedo Turkoglu
298,MIA,Daequan Cook
299,PHO,Raja Bell
300,ATL,Joe Johnson
301,GSW,Stephen Curry
302,BOS,Kevin Garnett
303,LAL,Metta World Peace
304,MEM,Zach Randolph
305,MIA,Mario Chalmers
306,PHO,Steve Nash
307,HOU,Chuck Hayes
308,MIL,Brandon Jennings
309,IND,Earl Watson
310,UTA,Wesley Matthews
311,PHO,Jason Richardson
312,OKC,Jeff Green
313,DAL,Jason Terry
314,IND,Mike Dunleavy
315,ATL,Jason Collins
316,LAC,Rasual Butler
317,CHI,Jannero Pargo
318,TOR,Chris Bosh
319,PHO,Channing Frye
320,DEN,J.R. Smith
321,DEN,Kenyon Martin
322,UTA,Deron Williams
323,HOU,Aaron Brooks
324,HOU,Trevor Ariza
325,MEM,Zach Randolph
326,TOR,Antoine Wright
327,LAC,Steve Blake
328,PHI,Willie Green
329,HOU,Shane Battier
330,PHI,Elton Brand
331,CLE,Mo Williams
332,MIN,Jonny Flynn
333,DAL,Drew Gooden
334,SAC,Andres Nocioni
335,PHI,Thaddeus Young
336,SAC,Sergio Rodriguez
337,LAC,Marcus Camby
338,IND,Troy Murphy
339,DET,Jason Maxiell
340,MIN,Corey Brewer
341,LAC,Eric Gordon
342,LAC,Eric Gordon
343,UTA,Deron Williams
344,MEM,Jamaal Tinsley
345,OKC,Jeff Green
346,MEM,Zach Randolph
347,DEN,Nene Hilario
348,NYK,Wilson Chandler
349,ATL,Maurice Evans
350,SAC,Andres Nocioni
351,MIN,Al Jefferson
352,LAC,Ricky Davis
353,DET,Will Bynum
354,DEN,Ty Lawson
355,UTA,Andrei Kirilenko
356,PHI,Samuel Dalembert
357,OKC,Kevin Durant
358,OKC,Kevin Durant
359,ATL,Joe Smith
360,MIN,Wayne Ellington
361,OKC,Etan Thomas
362,MIL,John Salmons
363,POR,Martell Webster
364,ORL,Jason Williams
365,CHI,Derrick Rose
366,CHI,Jannero Pargo
367,PHI,Andre Iguodala
368,WAS,Caron Butler
369,SAC,Omri Casspi
370,GSW,Ronny Turiaf
371,TOR,Amir Johnson
372,TOR,DeMar DeRozan
373,POR,Martell Webster
374,MIL,Andrew Bogut
375,PHO,Jason Richardson
376,DEN,J.R. Smith
377,BOS,Nate Robinson
378,DEN,Nene Hilario
379,MIL,Ersan Ilyasova
380,ATL,Al Horford
381,SAC,Omri Casspi
382,ORL,J.J. Redick
383,SAS,Keith Bogans
384,OKC,Nick Collison
385,DEN,Chris Andersen
386,CLE,J.J. Hickson
387,IND,Josh McRoberts
388,MIN,Kevin Love
389,SAS,Roger Mason
390,DEN,Nene Hilario
391,LAL,Shannon Brown
392,NYK,Wilson Chandler
393,MEM,Marc Gasol
394,UTA,C.J. Miles
395,ORL,Rashard Lewis
396,IND,Troy Murphy
397,PHO,Goran Dragic
398,LAL,Kobe Bryant
399,NYK,Toney Douglas
400,BOS,Eddie House
401,OKC,James Harden
402,ORL,Chris Duhon
403,POR,Marcus Camby
404,MIN,Lazar Hayward
405,WAS,Gilbert Arenas
406,MIN,Corey Brewer
407,BOS,Shaquille O'Neal
408,BOS,Paul Pierce
409,WAS,John Wall
410,DEN,Chris Andersen
411,DEN,Chris Andersen
412,IND,Danny Granger
413,SAS,Tim Duncan
414,NYK,Shawne Williams
415,DAL,Jason Kidd
416,MIA,Mike Bibby
417,OKC,Serge Ibaka
418,TOR,DeMar DeRozan
419,PHI,Andre Iguodala
420,NYK,Danilo Gallinari
421,NYK,Toney Douglas
422,ORL,Quentin Richardson
423,CHI,Kurt Thomas
424,OKC,Nick Collison
425,UTA,Gordon Hayward
426,MIL,Brandon Jennings
427,TOR,Jose Calderon
428,ORL,Dwight Howard
429,GSW,Dorell Wright
430,MEM,Zach Randolph
431,MEM,Sam Young
432,LAL,Kobe Bryant
433,OKC,Kevin Durant
434,MIN,Darko Milicic
435,POR,Gerald Wallace
436,GSW,Brandan Wright
437,CHI,Luol Deng
438,NYK,Landry Fields
439,PHO,Josh Childress
440,ORL,J.J. Redick
441,LAL,Matt Barnes
442,MIL,Luc Mbah a Moute
443,DEN,J.R. Smith
444,PHI,Evan Turner
445,IND,A.J. Price
446,TOR,Sonny Weems
447,GSW,Dan Gadzuric
448,CLE,Antawn Jamison
449,NYK,Wilson Chandler
450,TOR,DeMar DeRozan
451,UTA,Al Jefferson
452,GSW,Monta Ellis
453,DET,Richard Hamilton
454,MIN,Luke Ridnour
455,UTA,Earl Watson
456,MIN,Kevin Love
457,CHI,Ronnie Brewer
458,IND,Dahntay Jones
459,LAL,Derek Fisher
460,OKC,Serge Ibaka
461,DEN,Nene Hilario
462,DET,Ben Wallace
463,ATL,Zaza Pachulia
464,NYK,Toney Douglas
465,DAL,Ian Mahinmi
466,IND,Danny Granger
467,WAS,JaVale McGee
468,DEN,Melvin Ely
469,POR,Andre Miller
470,ATL,Jamal Crawford
471,DAL,Jason Kidd
472,MEM,Marc Gasol
473,UTA,Andrei Kirilenko
474,CLE,Antawn Jamison
475,SAS,Antonio McDyess
476,HOU,Aaron Brooks
477,OKC,Russell Westbrook
478,HOU,Kevin Martin
479,LAL,Derek Fisher
480,UTA,Andrei Kirilenko
481,IND,Josh McRoberts
482,CLE,Daniel Gibson
483,CLE,Manny Harris
484,MIA,Eddie House
485,MIN,Darko Milicic
486,TOR,Sonny Weems
487,MEM,Mike Conley
488,MEM,Tony Allen
489,OKC,Jeff Green
490,MIL,Carlos Delfino
491,SAS,Richard Jefferson
492,DEN,Al Harrington
493,DET,Will Bynum
494,SAS,Richard Jefferson
495,HOU,Chase Budinger
496,OKC,Eric Maynor
497,ATL,Zaza Pachulia
498,DEN,Carmelo Anthony
499,MEM,Zach Randolph
500,OKC,Serge Ibaka
501,PHI,Thaddeus Young
502,NYK,Amar'e Stoudemire
503,POR,Nolan Smith
504,LAL,Steve Blake
505,DEN,Arron Afflalo
506,PHO,Marcin Gortat
507,PHO,Jared Dudley
508,DEN,Al Harrington
509,DAL,Vince Carter
510,MIA,Dexter Pittman
511,PHO,Marcin Gortat
512,MIL,Brandon Jennings
513,ORL,Earl Clark
514,BOS,Brandon Bass
515,TOR,Jerryd Bayless
516,WAS,Cartier Martin
517,WAS,JaVale McGee
518,NYK,J.R. Smith
519,BOS,E'Twaun Moore
520,MIL,Brandon Jennings
521,MIA,Joel Anthony
522,CLE,Semih Erden
523,WAS,JaVale McGee
524,CHI,Derrick Rose
525,MIA,Chris Bosh
526,LAC,Kenyon Martin
527,SAS,Matt Bonner
528,ATL,Jeff Teague
529,ATL,Jerry Stackhouse
530,WAS,Shelvin Mack
531,MIL,Ekpe Udoh
532,POR,Raymond Felton
533,PHO,Jared Dudley
534,MEM,O.J. Mayo
535,PHI,Spencer Hawes
536,LAC,Eric Bledsoe
537,TOR,Andrea Bargnani
538,OKC,James Harden
539,TOR,James Johnson
540,SAC,Chuck Hayes
541,GSW,Ish Smith
542,IND,Lance Stephenson
543,TOR,Amir Johnson
544,NYK,Mike Bibby
545,BOS,Paul Pierce
546,CHI,Carlos Boozer
547,CLE,Anthony Parker
548,TOR,Amir Johnson
549,NYK,Tyson Chandler
550,MIL,Jon Leuer
551,MIA,Chris Bosh
552,DET,Rodney Stuckey
553,CHI,Joakim Noah
554,MIA,Shane Battier
555,SAS,DeJuan Blair
556,PHI,Lavoy Allen
557,HOU,Patrick Patterson
558,GSW,Andris Biedrins
559,OKC,James Harden
560,MIN,Nikola Pekovic
561,UTA,Enes Kanter
562,LAC,Blake Griffin
563,PHO,Josh Childress
564,TOR,Justin Dentmon
565,NYK,Baron Davis
566,IND,David West
567,NYK,Steve Novak
568,NYK,Carmelo Anthony
569,DAL,Lamar Odom
570,NYK,Jared Jeffries
571,LAC,Brian Cook
572,TOR,Amir Johnson
573,MIA,LeBron James
574,LAC,Randy Foye
575,OKC,Serge Ibaka
576,TOR,Andrea Bargnani
577,TOR,Ed Davis
578,PHI,Thaddeus Young
579,ORL,Chris Duhon
580,MEM,Josh Davis
581,CHI,Richard Hamilton
582,ATL,Josh Smith
583,SAC,Tyreke Evans
584,IND,Danny Granger
585,GSW,David Lee
586,IND,Paul George
587,OKC,James Harden
588,PHI,Lavoy Allen
589,GSW,Brandon Rush
590,IND,Roy Hibbert
591,CLE,Anthony Parker
592,MIA,Norris Cole
593,CLE,Kyrie Irving
594,SAC,Marcus Thornton
595,UTA,Devin Harris
596,GSW,Klay Thompson
597,OKC,Kendrick Perkins
598,WAS,Shelvin Mack
599,CHI,Derrick Rose
600,OKC,Nazr Mohammed
601,GSW,Klay Thompson
602,DEN,Corey Brewer
603,HOU,Omer Asik
604,DAL,O.J. Mayo
605,LAC,Chris Paul
606,NYK,Tyson Chandler
607,MIA,LeBron James
608,OKC,Hasheem Thabeet
609,HOU,Omer Asik
610,WAS,Martell Webster
611,MEM,Zach Randolph
612,SAS,Tony Parker
613,UTA,Marvin Williams
614,GSW,Stephen Curry
615,UTA,Mo Williams
616,SAC,Toney Douglas
617,PHI,Lavoy Allen
618,BRK,C.J. Watson
619,SAS,Stephen Jackson
620,MEM,Rudy Gay
621,LAL,Metta World Peace
622,ORL,Arron Afflalo
623,DEN,Evan Fournier
624,ATL,Zaza Pachulia
625,OKC,Kevin Martin
626,PHO,Goran Dragic
627,OKC,Eric Maynor
628,PHO,Goran Dragic
629,DAL,Dirk Nowitzki
630,CLE,Kyrie Irving
631,MIL,Brandon Jennings
632,BOS,Jeff Green
633,BOS,Brandon Bass
634,DAL,Vince Carter
635,MEM,Zach Randolph
636,DEN,Wilson Chandler
637,DET,Rodney Stuckey
638,MIA,Mario Chalmers
639,ORL,Gustavo Ayon
640,SAS,Tony Parker
641,WAS,Kevin Seraphin
642,BOS,Jared Sullinger
643,ATL,Josh Smith
644,CHI,Marco Belinelli
645,PHI,Lavoy Allen
646,DEN,Wilson Chandler
647,BOS,Rajon Rondo
648,POR,Will Barton
649,BOS,Jeff Green
650,PHO,Jared Dudley
651,SAC,DeMarcus Cousins
652,UTA,Al Jefferson
653,POR,LaMarcus Aldridge
654,MIA,Udonis Haslem
655,MIN,J.J. Barea
656,SAS,Stephen Jackson
657,PHI,Thaddeus Young
658,TOR,Linas Kleiza
659,NYK,Steve Novak
660,DET,Jason Maxiell
661,NYK,Raymond Felton
662,OKC,Kevin Martin
663,WAS,John Wall
664,NYK,Carmelo Anthony
665,NYK,Raymond Felton
666,GSW,Stephen Curry
667,MIL,Ekpe Udoh
668,DAL,Brandan Wright
669,SAC,James Johnson
670,UTA,Alec Burks
671,DAL,O.J. Mayo
672,GSW,Stephen Curry
673,MIA,Chris Bosh
674,ORL,Tobias Harris
675,UTA,Derrick Favors
676,LAL,Dwight Howard
677,CHI,Richard Hamilton
678,DEN,Andre Miller
679,IND,Tyler Hansbrough
680,ORL,Andrew Nicholson
681,MIN,Ricky Rubio
682,BOS,Courtney Lee
683,DAL,Shawn Marion
684,CLE,Wayne Ellington
685,PHI,Jrue Holiday
686,MEM,Wayne Ellington
687,DET,Jason Maxiell
688,UTA,Marvin Williams
689,PHO,Marcin Gortat
690,DAL,Darren Collison
691,IND,Gerald Green
692,MIN,Alexey Shved
693,LAC,Ronny Turiaf
694,SAS,Tony Parker
695,POR,Luke Babbitt
696,TOR,DeMar DeRozan
697,GSW,David Lee
698,ATL,Josh Smith
699,SAS,Boris Diaw
700,SAS,Tony Parker
701,WAS,Bradley Beal
702,SAS,Kawhi Leonard
703,PHO,Marcus Morris
704,IND,Paul George
705,SAC,Isaiah Thomas
706,PHI,Evan Turner
707,OKC,Kevin Durant
708,CHI,Carlos Boozer
709,UTA,Trey Burke
710,CHI,Jimmy Butler
711,IND,C.J. Watson
712,NOP,Tyreke Evans
713,MIA,Mario Chalmers
714,DET,Kyle Singler
715,SAS,Tim Duncan
716,BRK,Joe Johnson
717,NOP,Greg Stiemsma
718,HOU,Terrence Jones
719,SAS,Kawhi Leonard
720,MIA,Mario Chalmers
721,DET,Greg Monroe
722,DET,Josh Smith
723,MEM,Mike Miller
724,IND,Paul George
725,BRK,Alan Anderson
726,IND,Lance Stephenson
727,LAC,Glen Davis
728,LAC,Blake Griffin
729,WAS,Marcin Gortat
730,NOP,Eric Gordon
731,WAS,Nene Hilario
732,WAS,Bradley Beal
733,ATL,Lou Williams
734,DET,Kyle Singler
735,NOP,Anthony Davis
736,DEN,J.J. Hickson
737,WAS,Bradley Beal
738,CHI,Taj Gibson
739,SAS,Marco Belinelli
740,TOR,Kyle Lowry
741,NOP,Al-Farouq Aminu
742,LAL,Jodie Meeks
743,LAC,Glen Davis
744,LAC,Blake Griffin
745,DAL,Vince Carter
746,LAC,Matt Barnes
747,TOR,DeMar DeRozan
748,BRK,Deron Williams
749,BRK,Andray Blatche
750,IND,Ian Mahinmi
751,HOU,Chandler Parsons
752,WAS,Marcin Gortat
753,NOP,Greg Stiemsma
754,HOU,James Harden
755,PHI,Michael Carter-Williams
756,GSW,David Lee
757,CLE,Dion Waiters
758,NOP,Ryan Anderson
759,PHO,Miles Plumlee
760,CLE,Tyler Zeller
761,PHI,Hollis Thompson
762,DEN,Timofey Mozgov
763,SAS,Danny Green
764,PHI,Evan Turner
765,MIN,Ricky Rubio
766,DEN,Evan Fournier
767,SAS,Manu Ginobili
768,MEM,James Johnson
769,BRK,Paul Pierce
770,LAC,DeAndre Jordan
771,LAC,Blake Griffin
772,SAS,Boris Diaw
773,DET,Greg Monroe
774,PHO,Leandro Barbosa
775,MIN,Kevin Martin
776,UTA,Gordon Hayward
777,LAC,DeAndre Jordan
778,CHI,Tony Snell
779,MIL,Zaza Pachulia
780,SAS,Tony Parker
781,NYK,Carmelo Anthony
782,MEM,Mike Conley
783,ORL,Arron Afflalo
784,OKC,Russell Westbrook
785,CHI,Nazr Mohammed
786,IND,Roy Hibbert
787,CLE,Earl Clark
788,MEM,Zach Randolph
789,CHI,Tony Snell
790,SAS,Boris Diaw
791,DET,Rodney Stuckey
792,NOP,Eric Gordon
793,DET,Josh Smith
794,ATL,Paul Millsap
795,UTA,Derrick Favors
796,DAL,Samuel Dalembert
797,DET,Kyle Singler
798,IND,Lance Stephenson
799,MIN,Kevin Love
800,DEN,Ty Lawson
801,MEM,Marc Gasol
802,BOS,Jeff Green
803,IND,David West
804,HOU,Josh Smith
805,OKC,Kevin Durant
806,OKC,Anthony Morrow
807,SAC,Reggie Evans
808,OKC,Russell Westbrook
809,PHI,Jerami Grant
810,BRK,Brook Lopez
811,BOS,Brandon Bass
812,SAC,Derrick Williams
813,TOR,Kyle Lowry
814,DEN,Ty Lawson
815,ATL,Al Horford
816,ORL,Dewayne Dedmon
817,POR,LaMarcus Aldridge
818,OKC,Kendrick Perkins
819,NYK,Jason Smith
820,SAS,Tiago Splitter
821,ORL,Elfrid Payton
822,CLE,LeBron James
823,BOS,Evan Turner
824,NYK,Quincy Acy
825,CHI,Pau Gasol
826,NYK,Jason Smith
827,BOS,Kelly Olynyk
828,IND,Rodney Stuckey
829,TOR,Patrick Patterson
830,ATL,DeMarre Carroll
831,ATL,Kyle Korver
832,GSW,Andre Iguodala
833,CHO,Bismack Biyombo
834,BOS,Evan Turner
835,CLE,Tristan Thompson
836,MEM,Mike Conley
837,SAC,Omri Casspi
838,POR,Arron Afflalo
839,CHI,Jimmy Butler
840,CHI,Mike Dunleavy
841,ORL,Victor Oladipo
842,ORL,Channing Frye
843,IND,C.J. Watson
844,PHO,Isaiah Thomas
845,NOP,Alexis Ajinca
846,CHI,Nikola Mirotic
847,NOP,Omer Asik
848,SAS,Patty Mills
849,MEM,Tony Allen
850,UTA,Derrick Favors
851,MIN,Nikola Pekovic
852,WAS,Kevin Seraphin
853,DEN,Gary Harris
854,MIL,Khris Middleton
855,IND,Roy Hibbert
856,HOU,Josh Smith
857,UTA,Gordon Hayward
858,WAS,Marcin Gortat
859,WAS,Rasual Butler
860,GSW,Festus Ezeli
861,SAC,Derrick Williams
862,TOR,Tyler Hansbrough
863,NYK,Tim Hardaway
864,PHI,Ish Smith
865,PHI,Nerlens Noel
866,SAC,Andre Miller
867,WAS,Kris Humphries
868,MIL,Khris Middleton
869,BRK,Joe Johnson
870,WAS,Bradley Beal
871,ORL,Victor Oladipo
872,DET,Andre Drummond
873,HOU,Kostas Papanikolaou
874,CHO,Michael Kidd-Gilchrist
875,TOR,Patrick Patterson
876,CHO,Marvin Williams
877,DAL,Chandler Parsons
878,NYK,Tim Hardaway
879,POR,Meyers Leonard
880,BOS,Jae Crowder
881,MEM,Vince Carter
882,GSW,Klay Thompson
883,LAL,Jeremy Lin
884,LAL,Jordan Hill
885,MIL,Jabari Parker
886,NOP,Austin Rivers
887,ATL,Paul Millsap
888,CLE,James Jones
889,MIA,Luol Deng
890,ATL,Al Horford
891,GSW,Stephen Curry
892,MEM,Tony Allen
893,ATL,Kent Bazemore
894,SAS,Tim Duncan
895,MEM,Marc Gasol
896,GSW,Harrison Barnes
897,DEN,Ty Lawson
898,HOU,Patrick Beverley
899,DEN,Wilson Chandler
900,DAL,Tyson Chandler
901,ORL,Elfrid Payton
902,PHI,Robert Covington
903,SAS,Tony Parker
904,DET,Andre Drummond
905,POR,Damian Lillard
906,OKC,Dion Waiters
907,PHO,Marcus Morris
908,BRK,Mason Plumlee
909,MIN,Gorgui Dieng
910,PHI,Robert Covington
911,NOP,Ryan Anderson
912,WAS,Nene Hilario
913,PHO,Markieff Morris
914,GSW,Klay Thompson
915,IND,C.J. Miles
916,SAS,Tim Duncan
917,DAL,Al-Farouq Aminu
918,GSW,David Lee
919,IND,David West
920,SAS,Boris Diaw
921,WAS,Bradley Beal
922,SAC,DeMarcus Cousins
923,UTA,Gordon Hayward
924,POR,LaMarcus Aldridge
925,TOR,Jonas Valanciunas
926,GSW,Klay Thompson
927,CHI,Joakim Noah
928,LAC,DeAndre Jordan
929,BRK,Jarrett Jack
930,LAC,Matt Barnes
931,MIN,Thaddeus Young
932,ORL,Nikola Vucevic
933,MIA,Chris Andersen
934,BRK,Joe Johnson
935,DAL,Devin Harris
936,OKC,Anthony Morrow
937,LAL,Jordan Hill
938,TOR,Patrick Patterson
939,PHO,Markieff Morris
940,LAL,Carlos Boozer
941,CLE,Tristan Thompson
942,POR,Damian Lillard
943,NYK,Jason Smith
944,NOP,Omer Asik
945,PHI,Henry Sims
946,MIN,Thaddeus Young
947,MIL,Brandon Knight
948,OKC,Kevin Durant
949,MIA,Luol Deng
950,HOU,James Harden
951,UTA,Dante Exum
952,POR,LaMarcus Aldridge
953,NYK,Carmelo Anthony
954,MIA,Chris Andersen
955,IND,George Hill
956,CHI,Pau Gasol
957,CLE,Tristan Thompson
958,CLE,J.R. Smith
959,IND,C.J. Miles
960,ATL,Thabo Sefolosha
961,BOS,Tyler Zeller
962,NYK,Jason Smith
963,TOR,Amir Johnson
964,TOR,Terrence Ross
965,TOR,DeMar DeRozan
966,BRK,Brook Lopez
967,ATL,Kyle Korver
968,PHO,Marcus Morris
969,LAL,Carlos Boozer
970,NYK,Shane Larkin
971,WAS,Nene Hilario
972,POR,Damian Lillard
973,PHI,Hollis Thompson
974,MEM,Mike Conley
975,IND,Roy Hibbert
976,LAC,J.J. Redick
977,LAC,Matt Barnes
978,MIA,Luol Deng
979,WAS,Bradley Beal
980,CLE,Timofey Mozgov
981,WAS,Rasual Butler
982,MIA,Chris Andersen
983,CHO,Michael Kidd-Gilchrist
984,HOU,James Harden
985,POR,LaMarcus Aldridge
986,POR,Nicolas Batum
987,ORL,Nikola Vucevic
988,CHI,Pau Gasol
989,CHI,Pau Gasol
990,MIA,Dwyane Wade
991,BOS,Evan Turner
992,CLE,Kevin Love
993,CHO,Brian Roberts
994,IND,George Hill
995,MIN,Gorgui Dieng
996,BRK,Alan Anderson
997,TOR,Lou Williams
998,DAL,Dirk Nowitzki
999,NOP,John Salmons
1000,BRK,Mason Plumlee
